CREATE DATABASE  IF NOT EXISTS `AskBid` /*!40100 DEFAULT CHARACTER SET utf8mb4 */;
USE `AskBid`;
-- MySQL dump 10.13  Distrib 5.7.25, for Linux (x86_64)
--
-- Host: 127.0.0.1    Database: AskBid
-- ------------------------------------------------------
-- Server version	5.7.25-0ubuntu0.18.04.2

/*!40101 SET @OLD_CHARACTER_SET_CLIENT=@@CHARACTER_SET_CLIENT */;
/*!40101 SET @OLD_CHARACTER_SET_RESULTS=@@CHARACTER_SET_RESULTS */;
/*!40101 SET @OLD_COLLATION_CONNECTION=@@COLLATION_CONNECTION */;
/*!40101 SET NAMES utf8 */;
/*!40103 SET @OLD_TIME_ZONE=@@TIME_ZONE */;
/*!40103 SET TIME_ZONE='+00:00' */;
/*!40014 SET @OLD_UNIQUE_CHECKS=@@UNIQUE_CHECKS, UNIQUE_CHECKS=0 */;
/*!40014 SET @OLD_FOREIGN_KEY_CHECKS=@@FOREIGN_KEY_CHECKS, FOREIGN_KEY_CHECKS=0 */;
/*!40101 SET @OLD_SQL_MODE=@@SQL_MODE, SQL_MODE='NO_AUTO_VALUE_ON_ZERO' */;
/*!40111 SET @OLD_SQL_NOTES=@@SQL_NOTES, SQL_NOTES=0 */;

--
-- Table structure for table `item`
--

DROP TABLE IF EXISTS `item`;
/*!40101 SET @saved_cs_client     = @@character_set_client */;
/*!40101 SET character_set_client = utf8 */;
CREATE TABLE `item` (
  `id` int(11) NOT NULL AUTO_INCREMENT,
  `brand` varchar(45) NOT NULL,
  `desc` varchar(45) NOT NULL,
  `color` varchar(45) NOT NULL,
  `released_date` datetime NOT NULL,
  `image` varchar(45) NOT NULL DEFAULT 'default_image.jpg',
  `visited_count` int(11) NOT NULL DEFAULT '0',
  PRIMARY KEY (`id`),
  UNIQUE KEY `id_UNIQUE` (`id`)
) ENGINE=InnoDB AUTO_INCREMENT=12 DEFAULT CHARSET=utf8mb4;
/*!40101 SET character_set_client = @saved_cs_client */;

--
-- Dumping data for table `item`
--

LOCK TABLES `item` WRITE;
/*!40000 ALTER TABLE `item` DISABLE KEYS */;
INSERT INTO `item` VALUES (1,'Nike','Jordan 1 Retro High','Neutral Grey Hyper Crimson','2019-01-24 00:00:00','sneaker_1.jpg',4),(2,'Nike','Jordan 1 Retro High Camo 3M','Wolf Grey','2017-08-01 00:00:00','sneaker_2.jpg',7),(3,'Adidas','Yeezy Wave Runner 700','Solid Grey','2017-11-01 00:00:00','sneaker_3.jpg',2),(4,'Nike','Zoom Fly Off-White','Black Silver','2018-10-13 00:00:00','sneaker_4.jpg',0),(5,'Adidas','Yeezy Boost 350 V2','Static','2018-12-27 00:00:00','sneaker_5.jpg',0),(6,'Converse','Chuck Taylor All-Star 70s Hi Off-White','White','2018-10-08 00:00:00','sneaker_6.jpg',0),(7,'Vans','Old Skool NASA Space Voyager','True White','2018-11-02 00:00:00','sneaker_7.jpg',0),(8,'Adidas','Yeezy Boost 500','Utility Black','2018-07-07 00:00:00','sneaker_8.jpg',0),(9,'Adidas','Yeezy Boost 350','Pirate Black','2015-08-22 00:00:00','sneaker_9.jpg',0),(10,'Nike','Air Vapormax Off White','White','2018-04-14 00:00:00','sneaker_10.jpg',0),(11,'Nike','Jordan 1 Low','Black Toe','2019-04-01 00:00:00','sneaker_11.jpg',0);
/*!40000 ALTER TABLE `item` ENABLE KEYS */;
UNLOCK TABLES;

--
-- Table structure for table `match`
--

DROP TABLE IF EXISTS `match`;
/*!40101 SET @saved_cs_client     = @@character_set_client */;
/*!40101 SET character_set_client = utf8 */;
CREATE TABLE `match` (
  `id` int(11) NOT NULL AUTO_INCREMENT,
  `user_id` int(11) NOT NULL,
  `order_id` int(11) NOT NULL,
  `insert_price` double NOT NULL,
  `best_price` double NOT NULL,
  `paid_date` datetime NOT NULL,
  `stamp_date` datetime NOT NULL,
  `shipping_status` int(11) NOT NULL DEFAULT '0',
  PRIMARY KEY (`id`),
  UNIQUE KEY `id_UNIQUE` (`id`)
) ENGINE=InnoDB AUTO_INCREMENT=4 DEFAULT CHARSET=utf8mb4;
/*!40101 SET character_set_client = @saved_cs_client */;

--
-- Dumping data for table `match`
--

LOCK TABLES `match` WRITE;
/*!40000 ALTER TABLE `match` DISABLE KEYS */;
INSERT INTO `match` VALUES (1,4,14,8000,9050,'2019-04-12 12:24:25','2019-04-12 12:24:25',2),(2,4,10,6200,6050,'2019-04-12 12:40:39','2019-04-12 12:40:39',0),(3,4,15,8000,8650,'2019-04-12 13:05:57','2019-04-12 13:05:57',0);
/*!40000 ALTER TABLE `match` ENABLE KEYS */;
UNLOCK TABLES;

--
-- Table structure for table `order`
--

DROP TABLE IF EXISTS `order`;
/*!40101 SET @saved_cs_client     = @@character_set_client */;
/*!40101 SET character_set_client = utf8 */;
CREATE TABLE `order` (
  `id` int(11) NOT NULL AUTO_INCREMENT,
  `user_id` int(11) NOT NULL,
  `item_id` int(11) NOT NULL,
  `size` varchar(45) NOT NULL,
  `price` double NOT NULL,
  `flag` tinyint(4) NOT NULL,
  `published_date` datetime NOT NULL,
  `available` tinyint(4) NOT NULL DEFAULT '1',
  PRIMARY KEY (`id`),
  UNIQUE KEY `id_UNIQUE` (`id`),
  KEY `user_id_idx` (`user_id`),
  KEY `fk_item_id_idx` (`item_id`),
  CONSTRAINT `fk_item_id` FOREIGN KEY (`item_id`) REFERENCES `item` (`id`),
  CONSTRAINT `fk_user_id` FOREIGN KEY (`user_id`) REFERENCES `user` (`id`)
) ENGINE=InnoDB AUTO_INCREMENT=18 DEFAULT CHARSET=utf8mb4;
/*!40101 SET character_set_client = @saved_cs_client */;

--
-- Dumping data for table `order`
--

LOCK TABLES `order` WRITE;
/*!40000 ALTER TABLE `order` DISABLE KEYS */;
INSERT INTO `order` VALUES (1,2,3,'US10.5',7500.5,0,'2019-04-02 00:00:00',1),(2,2,3,'US12',8000,1,'2019-04-02 00:00:00',1),(3,2,3,'US9',8000,1,'2019-04-02 00:00:00',1),(5,2,3,'US9',7600,1,'2019-04-03 00:00:00',0),(7,2,6,'US4',7855.5,0,'2019-04-03 00:00:00',1),(8,5,7,'US4',7800,0,'2019-04-03 00:00:00',1),(9,2,9,'UK4',7869,0,'2019-04-06 00:00:00',0),(10,2,11,'US9',6050,0,'2019-04-12 12:11:48',0),(11,2,11,'US9',6350,0,'2019-04-12 12:11:53',1),(12,2,11,'US9',6850,0,'2019-04-12 12:11:57',1),(13,2,11,'US9',7050,0,'2019-04-12 12:12:12',1),(14,3,8,'US10.5',9050,1,'2019-04-12 12:12:42',0),(15,3,8,'US10.5',8650,1,'2019-04-12 12:12:51',0),(16,3,8,'US10.5',8450,1,'2019-04-12 12:12:54',1),(17,3,8,'US10.5',8050,1,'2019-04-12 12:12:57',1);
/*!40000 ALTER TABLE `order` ENABLE KEYS */;
UNLOCK TABLES;

--
-- Table structure for table `reportUser`
--

DROP TABLE IF EXISTS `reportUser`;
/*!40101 SET @saved_cs_client     = @@character_set_client */;
/*!40101 SET character_set_client = utf8 */;
CREATE TABLE `reportUser` (
  `id` int(11) NOT NULL AUTO_INCREMENT,
  `user_id` int(11) NOT NULL,
  `topic` varchar(50) CHARACTER SET utf8 NOT NULL,
  `detail` varchar(100) CHARACTER SET utf8 DEFAULT NULL,
  `report_date` datetime NOT NULL,
  PRIMARY KEY (`id`)
) ENGINE=InnoDB AUTO_INCREMENT=5 DEFAULT CHARSET=utf8mb4;
/*!40101 SET character_set_client = @saved_cs_client */;

--
-- Dumping data for table `reportUser`
--

LOCK TABLES `reportUser` WRITE;
/*!40000 ALTER TABLE `reportUser` DISABLE KEYS */;
INSERT INTO `reportUser` VALUES (1,1,'แย่งกินขนม','ถูกแย่งกินขนมหมดเลย','2019-04-02 00:00:00'),(2,2,'ทำการบ้านไม่เสร็จ','จะเล่นเกมมีไรมะ','2019-04-05 00:00:00'),(3,3,'โดนขโมยขนม','อยากเล่นเกมมม','2019-04-14 16:24:16'),(4,3,'โดนขโมยขนม','อยากเล่นเกมมม','2019-04-14 16:26:41');
/*!40000 ALTER TABLE `reportUser` ENABLE KEYS */;
UNLOCK TABLES;

--
-- Table structure for table `user`
--

DROP TABLE IF EXISTS `user`;
/*!40101 SET @saved_cs_client     = @@character_set_client */;
/*!40101 SET character_set_client = utf8 */;
CREATE TABLE `user` (
  `id` int(11) NOT NULL AUTO_INCREMENT,
  `full_name` varchar(45) NOT NULL,
  `card_no` varchar(45) NOT NULL,
  `email` varchar(45) NOT NULL,
  `password` varchar(300) NOT NULL,
  `address` varchar(300) DEFAULT NULL,
  `tel_no` varchar(45) DEFAULT NULL,
  `balance` double DEFAULT NULL,
  `bank_no` varchar(45) DEFAULT NULL,
  `avatar_image` varchar(45) DEFAULT NULL,
  `card_image` varchar(45) DEFAULT NULL,
  `level` int(11) NOT NULL DEFAULT '0',
  PRIMARY KEY (`id`),
  UNIQUE KEY `id_UNIQUE` (`id`)
) ENGINE=InnoDB AUTO_INCREMENT=10 DEFAULT CHARSET=utf8mb4;
/*!40101 SET character_set_client = @saved_cs_client */;

--
-- Dumping data for table `user`
--

LOCK TABLES `user` WRITE;
/*!40000 ALTER TABLE `user` DISABLE KEYS */;
INSERT INTO `user` VALUES (1,'Admin AskBid','1234567890123','askbid.se@gmail.com','$2b$10$l8UyWSSOAAGSnm.aXHlKt.mgO6eScEajY9YADvfda.0Ss9zrDcFw2','Bangkok, Thailand','0812345678',9996900,'1234567890','avatar_1_41ro5s.jpg','card_1_sjkct7.jpg',2),(2,'Demo Ask','0000000000000','ask.se@gmail.com','$2b$10$kcgQaAnGDGH6StnCxKpO5OJV6UoiD6SgF.xlRAy9DW.jZUFHsg7t6',NULL,NULL,NULL,NULL,NULL,'card_2_cgm62g.jpg',1),(3,'Demo Bid','1111111111111','bid.se@gmail.com','$2b$10$XxHM0I5.hnvSslxPeiLY/OKOTgnBtSwfw/lYTs0ZDDYbrf.VxYF52',NULL,NULL,35114,NULL,NULL,NULL,1),(4,'Demo User01','0101010101010','user01.se@gmail.com','$2b$10$iD0moeHbPmxSNpC/AGVs2ew1LNR.XabAsRgQHvYR2GDVreUlIvKNi',NULL,NULL,41650,NULL,NULL,NULL,-1),(5,'Demo User02','0202020202020','user02.se@gmail.com','$2b$10$9ppAO.PuZDxIM/2PxkfuzOpg7MLujPUA97DslAQe6OMIOiZNNvMme',NULL,NULL,1234,NULL,NULL,NULL,-1),(6,'Demo Swagger','0987654321098','swagger.se@gmail.com','$2b$10$sIzRgf9DEwqCxnMX7iI9mu8Q6Pkhw3wJVSBLAyHwQIoTJIzed2XkO',NULL,NULL,NULL,NULL,NULL,NULL,0),(7,'Demo Dirty','1313131313131','dirty.se@gmail.com','$2b$10$WHKF1QTHTxAWXFAUpA5q1.6KNBbNoMUdCU5M.uftQpoAxTG3/5Laa',NULL,NULL,NULL,NULL,NULL,NULL,0),(8,'Demo Email','3333333333333','email.se@gmail.com','$2b$10$Iryy6JFnhsz65YYxxwMgT.piYtzjQnPJdzEawV9IW4RYfrsya10ga',NULL,NULL,NULL,NULL,NULL,NULL,0),(9,'a a','1111111111112','abc@hotmail.com','$2b$10$aCxnQITZW5z2wqI01K2BtOiKRn4tq18gyIGUA9QhLRKxgvY9NxtZ6',NULL,NULL,NULL,NULL,NULL,NULL,0);
/*!40000 ALTER TABLE `user` ENABLE KEYS */;
UNLOCK TABLES;
/*!40103 SET TIME_ZONE=@OLD_TIME_ZONE */;

/*!40101 SET SQL_MODE=@OLD_SQL_MODE */;
/*!40014 SET FOREIGN_KEY_CHECKS=@OLD_FOREIGN_KEY_CHECKS */;
/*!40014 SET UNIQUE_CHECKS=@OLD_UNIQUE_CHECKS */;
/*!40101 SET CHARACTER_SET_CLIENT=@OLD_CHARACTER_SET_CLIENT */;
/*!40101 SET CHARACTER_SET_RESULTS=@OLD_CHARACTER_SET_RESULTS */;
/*!40101 SET COLLATION_CONNECTION=@OLD_COLLATION_CONNECTION */;
/*!40111 SET SQL_NOTES=@OLD_SQL_NOTES */;

-- Dump completed on 2019-04-15  1:15:06
